subject_id,has_acoustic,treatment_group,n_recordings,mean_conv_dur_sec,conv_group
C1029,False,control,20,576.0,short
C1044,False,control,24,610.0,short
C1048,False,control,23,302.0,short
C1050,False,control,22,511.0,short
C1061,False,control,24,792.0,short
C1062,False,control,24,899.0,short
C1072,False,control,22,1013.0,long
C1073,False,control,21,649.0,short
C1077,False,control,23,452.0,short
C1092,False,control,25,527.0,short
C1095,False,control,19,417.0,short
C1099,False,control,21,377.0,short
C1107,False,control,7,684.0,short
C1109,False,control,18,529.0,short
C1110,False,control,8,631.0,short
C1111,False,control,21,593.0,short
C1116,False,control,21,467.0,short
C1117,False,control,15,674.0,short
C1118,False,control,22,224.0,short
C1123,False,control,24,379.0,short
C1126,False,control,23,439.0,short
C1129,False,control,20,466.0,short
C1136,False,control,21,860.0,short
C1137,False,control,19,463.0,short
C1138,False,video_chat,1,1810.0,long
C1140,False,control,23,531.0,short
C1141,False,control,23,417.0,short
C1149,False,control,22,379.0,short
C1154,False,control,24,353.0,short
C1155,False,control,17,443.0,short
C1160,False,control,20,628.0,short
C1163,False,control,4,412.0,short
C1164,False,control,23,375.0,short
C1174,False,control,23,399.0,short
C1176,False,control,23,404.0,short
C1178,False,control,18,683.0,short
C1193,False,control,24,386.0,short
C1198,False,control,22,620.0,short
C1199,False,control,20,444.0,short
C1201,False,control,24,294.0,short
C1203,False,control,20,725.0,short
C1209,False,control,23,483.0,short
C1210,False,control,15,272.0,short
C1211,False,control,23,548.0,short
C1215,False,control,20,379.0,short
C1221,False,control,23,341.0,short
C1222,False,control,23,523.0,short
C1226,False,control,21,427.0,short
C1227,False,control,22,541.0,short
C1228,False,control,23,284.0,short
C1231,False,control,22,322.0,short
C1232,False,control,20,351.0,short
C1236,False,control,22,451.0,short
C1239,False,control,22,306.0,short
C1241,False,control,20,403.0,short
C1244,False,control,22,772.0,short
C2006,False,control,16,418.0,short
C2015,False,control,22,821.0,short
C2018,False,control,21,489.0,short
C2019,False,control,18,608.0,short
C2022,False,control,24,516.0,short
C2027,False,control,24,326.0,short
C2030,False,control,21,456.0,short
C2031,False,control,19,760.0,short
C2034,False,control,22,429.0,short
C2038,False,control,22,401.0,short
C2044,False,control,19,471.0,short
C2045,False,control,24,414.0,short
C2053,False,control,20,500.0,short
C2054,False,control,23,600.0,short
C1001,True,control,22,460.0,short
C1002,True,control,19,339.0,short
C1003,True,control,21,384.0,short
C1004,True,control,22,380.0,short
C1007,True,video_chat,155,1432.0,long
C1009,True,control,22,639.0,short
C1012,True,control,25,317.0,short
C1016,True,control,19,277.0,short
C1017,True,video_chat,164,1487.0,long
C1018,True,video_chat,150,1390.0,long
C1019,True,video_chat,146,1445.0,long
C1020,True,control,24,373.0,short
C1021,True,control,17,530.0,short
C1026,True,control,23,308.0,short
C1027,True,control,22,397.0,short
C1028,True,video_chat,133,1625.0,long
C1032,True,video_chat,151,1481.0,long
C1033,True,video_chat,130,1452.0,long
C1034,True,video_chat,130,1451.0,long
C1038,True,video_chat,170,1511.0,long
C1039,True,video_chat,140,1517.0,long
C1042,True,video_chat,137,1488.0,long
C1043,True,control,23,260.0,short
C1046,True,video_chat,144,1385.0,long
C1052,True,video_chat,155,1571.0,long
C1054,True,video_chat,168,1627.0,long
C1066,True,video_chat,106,1477.0,long
C1070,True,video_chat,105,1348.0,long
C1079,True,video_chat,130,1634.0,long
C1082,True,video_chat,139,1594.0,long
C1083,True,video_chat,37,1354.0,long
C1097,True,video_chat,144,1512.0,long
C1103,True,video_chat,137,1375.0,long
C1104,True,video_chat,135,1450.0,long
C1105,True,video_chat,133,1446.0,long
C1106,True,video_chat,59,1370.0,long
C1112,True,video_chat,90,1371.0,long
C1113,True,video_chat,85,1458.0,long
C1122,True,video_chat,100,1501.0,long
C1124,True,video_chat,100,1376.0,long
C1125,True,video_chat,105,1570.0,long
C1127,True,video_chat,96,1428.0,long
C1133,True,video_chat,126,1433.0,long
C1142,True,video_chat,114,1582.0,long
C1144,True,video_chat,105,1466.0,long
C1146,True,video_chat,66,1528.0,long
C1147,True,video_chat,102,1458.0,long
C1156,True,video_chat,50,1181.0,long
C1158,True,video_chat,124,1541.0,long
C1159,True,video_chat,152,1574.0,long
C1162,True,video_chat,118,1569.0,long
C1166,True,video_chat,121,1492.0,long
C1168,True,video_chat,121,1568.0,long
C1170,True,video_chat,150,1507.0,long
C1171,True,video_chat,127,1587.0,long
C1179,True,video_chat,153,1542.0,long
C1184,True,video_chat,116,1540.0,long
C1202,True,video_chat,108,1425.0,long
C1207,True,video_chat,110,1509.0,long
C1208,True,video_chat,100,1533.0,long
C1214,True,video_chat,108,1470.0,long
C1218,True,video_chat,100,1399.0,long
C1219,True,video_chat,98,1498.0,long
C1220,True,video_chat,104,1513.0,long
C1224,True,video_chat,121,1523.0,long
C1225,True,video_chat,112,1735.0,long
C1229,True,video_chat,116,1636.0,long
C1230,True,video_chat,105,1474.0,long
C1234,True,video_chat,116,1582.0,long
C1238,True,video_chat,115,1560.0,long
C1243,True,video_chat,101,1501.0,long
C2001,True,control,20,346.0,short
C2003,True,control,25,553.0,short
C2007,True,control,24,435.0,short
C2009,True,control,5,739.0,short
C2012,True,video_chat,48,1407.0,long
C2013,True,control,24,483.0,short
C2016,True,video_chat,134,1387.0,long
C2024,True,video_chat,162,1482.0,long
C2028,True,video_chat,9,1255.0,long
C2032,True,video_chat,105,1377.0,long
C2039,True,video_chat,144,1509.0,long
C2040,True,video_chat,154,1504.0,long
C2046,True,video_chat,169,1569.0,long
C2047,True,video_chat,158,1612.0,long
C2051,True,video_chat,126,1495.0,long
