feature,label,family,median_90plus,median_ic_long,overlap_ic_long,n_ic_long,median_ic_short,overlap_ic_short,n_ic_short
ix_conversation_dur_sec,Conversation duration (s),temporal,174.30849999999998,1495.1365873015873,0.0,71,450.82045454545454,0.15294117647058825,85
pt_total_words,Participant total words,temporal,155.0,2276.554794520548,0.014084507042253521,71,110.77272727272727,0.7647058823529411,85
Adverbs,Adverbs (LIWC count),ling,6.666666666666667,147.8030303030303,0.014084507042253521,71,6.782608695652174,0.8941176470588236,85
Assent,Assent (LIWC count),ling,1.0,42.64705882352941,0.0,71,5.681818181818182,0.17647058823529413,85
Simple TTR,Simple TTR,ling,0.6118271015005667,0.2919848647351343,0.014084507042253521,71,0.671663592632168,0.8235294117647058,85
sm_content_diversity,Content diversity,semantic,0.8064413823272091,0.49696478884088174,0.028169014084507043,71,0.8638349132809114,0.9176470588235294,85
Measure of lexical textual diversity [mtld_ma_bid],MTLD (bidirectional),ling,40.88090694989644,48.218921186152286,0.9859154929577465,71,33.61303097156169,0.9058823529411765,85
ix_patient_talk_ratio,Participant talk-time ratio,temporal,0.5196651618167392,0.5838538127805516,0.971830985915493,71,0.13006777635767702,0.12941176470588237,85
pt_pause_ratio,Participant pause ratio,temporal,0.18332999851752246,0.05017088205901964,0.2676056338028169,71,0.02833194772659759,0.011904761904761904,84
ix_turn_rate_per_min,Turns per minute,temporal,20.084163029145945,13.0436504260082,0.14084507042253522,71,11.824706288493836,0.0,85
